{
    "avg_prec": 0.5333993163389881,
    "roc_auc": 0.9542211741607801
}